{"cameraMode":{"drawMode":0,"name":"Shaded","section":"Shading Mode"},"sceneLighting":true,"audioPlay":false,"sceneViewState":{"showFog":true,"showMaterialUpdate":false,"showSkybox":true,"showFlares":true,"showImageEffects":true,"showParticleSystems":true},"in2DMode":false,"pivot":{"x":-29364.685546875,"y":34044.49609375,"z":-15887.837890625},"rotation":{"x":-0.0796714574098587,"y":-0.03614892065525055,"z":0.0028926548548042776,"w":-0.9961613416671753},"size":2076.315185546875,"orthographic":true}