{"cameraMode":{"drawMode":0,"name":"Shaded","section":"Shading Mode"},"sceneLighting":true,"audioPlay":false,"sceneViewState":{"showFog":true,"showMaterialUpdate":false,"showSkybox":true,"showFlares":true,"showImageEffects":true,"showParticleSystems":true},"in2DMode":false,"pivot":{"x":-1697.9000244140625,"y":23358.76171875,"z":-13580.7998046875},"rotation":{"x":-0.050278931856155398,"y":-0.820555567741394,"z":0.07306461036205292,"w":-0.5646434426307678},"size":192.00897216796876,"orthographic":true}