{"cameraMode":{"drawMode":0,"name":"Shaded","section":"Shading Mode"},"sceneLighting":true,"audioPlay":false,"sceneViewState":{"showFog":true,"showMaterialUpdate":false,"showSkybox":true,"showFlares":true,"showImageEffects":true,"showParticleSystems":true},"in2DMode":false,"pivot":{"x":5258.75634765625,"y":-5023.59375,"z":14956.0234375},"rotation":{"x":0.011362015269696713,"y":-0.986358106136322,"z":0.14484848082065583,"w":0.07737967371940613},"size":111.96768188476563,"orthographic":true}