{"cameraMode":{"drawMode":0,"name":"Shaded","section":"Shading Mode"},"sceneLighting":false,"audioPlay":false,"sceneViewState":{"showFog":true,"showMaterialUpdate":false,"showSkybox":true,"showFlares":true,"showImageEffects":true,"showParticleSystems":true},"in2DMode":false,"pivot":{"x":2008.1636962890625,"y":-2328.00537109375,"z":6624.349609375},"rotation":{"x":-0.09183341264724732,"y":-0.1682226061820984,"z":0.01574437879025936,"w":-0.9813358187675476},"size":39877.25390625,"orthographic":true}