{"cameraMode":{"drawMode":0,"name":"Shaded","section":"Shading Mode"},"sceneLighting":true,"audioPlay":false,"sceneViewState":{"showFog":true,"showMaterialUpdate":false,"showSkybox":true,"showFlares":true,"showImageEffects":true,"showParticleSystems":true},"in2DMode":false,"pivot":{"x":5261.79248046875,"y":-4938.46923828125,"z":14834.025390625},"rotation":{"x":-0.06606658548116684,"y":0.7930489182472229,"z":-0.08743425458669663,"w":-0.5992193818092346},"size":99.75890350341797,"orthographic":true}